id,name
1,Tracie
2,Debbie
3,Curry
4,Maire
5,Che
6,Ave
7,Lydia
8,Henderson
9,Hakim
10,Aldus
11,Selestina
12,Gusella
13,Ursa
14,Vivyanne
15,Seka
16,Lem
17,Delphine
18,Jobina
19,Terence
20,Nell
21,Thomasin
22,Bronny
23,Justina
24,Wilfrid
25,Winifield
26,Ferdinanda
27,Martguerita
28,Alvy
29,Raddy
30,Rock
31,Edouard
32,Timotheus
33,Aldous
34,Myrilla
35,Berky
36,Malinde
37,Stefa
38,Jemima
39,Myriam
40,Annamaria
41,Far
42,Francoise
43,Madeline
44,Else
45,Tanner
46,Sascha
47,Susannah
48,Jordan
49,Muire
50,Kaylil
51,Elise
52,Marlie
53,Estelle
54,Allina
55,Oswell
56,Ezechiel
57,Robinia
58,Cheryl
59,Mart
60,Dietrich
61,Ivett
62,Claribel
63,Ruprecht
64,Tarra
65,Craggy
66,Joelly
67,Skipton
68,Raye
69,Lester
70,Ashien
71,Ninnetta
72,Clio
73,Sebastian
74,Melicent
75,Rayna
76,Bevin
77,Kris
78,Cord
79,Rufe
80,Winfred
81,Tannie
82,Blanche
83,Christean
84,Madelina
85,Torie
86,Doreen
87,Wendye
88,Wolfie
89,Madelene
90,Hazel
91,Vevay
92,Saba
93,Rheta
94,Isabelle
95,Marjie
96,Amery
97,Reta
98,Titos
99,Mariele
100,Birch
101,Lise
102,Morganne
103,Nehemiah
104,Mariquilla
105,Carita
106,Carlin
107,Pen
108,Vanya
109,Edna
110,Madonna
111,Winonah
112,Rosalynd
113,Cacilia
114,Laney
115,Penny
116,Aleece
117,Merla
118,Pierce
119,Jessamine
120,Maynord
121,Angel
122,Leyla
123,Brena
124,Tessy
125,Lisetta
126,Cahra
127,Rowe
128,Donnell
129,Bliss
130,Pooh
131,Dorelia
132,Corine
133,Aidan
134,Karole
135,Angeli
136,Tad
137,Janela
138,Annalise
139,Myles
140,Gerianne
141,Cornall
142,Herta
143,Rachel
144,Archaimbaud
145,Andie
146,Marybeth
147,Cobb
148,Any
149,Hayes
150,Averill
151,Rhianon
152,Dunc
153,Eberhard
154,Alec
155,Blair
156,Brandise
157,Ardine
158,Christabel
159,Allie
160,Yuma
161,Ashlie
162,Zollie
163,Yehudit
164,Carolin
165,Ole
166,Donelle
167,Rochella
168,Karlan
169,Erena
170,Guglielma
171,Chelsea
172,Massimo
173,Araldo
174,Marcela
175,Danni
176,Christen
177,Dodie
178,Harri
179,Ken
180,Taddeo
181,Jervis
182,Shaine
183,Roana
184,Myrtice
185,Joachim
186,Agnes
187,Sheila
188,Carly
189,Joella
190,Jerrilee
191,Melisse
192,Geneva
193,Dode
194,Natalee
195,Addie
196,Sammie
197,Tyson
198,Cori
199,Linnie
200,Floria
201,Benedikta
202,Riane
203,Raddy
204,Charlie
205,Abner
206,Allyn
207,Gerik
208,Cornall
209,Lynnet
210,Ronny
211,Liza
212,Dorolisa
213,Arlena
214,Chen
215,Darbee
216,Debbie
217,Laurel
218,Stoddard
219,Hedi
220,Gweneth
221,Yank
222,Alma
223,Maynord
224,Ainslie
225,Benedikt
226,Gustavus
227,Gordan
228,Say
229,Robinia
230,Terrel
231,Sarene
232,Mead
233,Juliana
234,Erie
235,Robb
236,Vale
237,Jareb
238,Gilbert
239,Tabbatha
240,Stacee
241,Manya
242,Gunar
243,Doroteya
244,Chery
245,Wilbert
246,Christoffer
247,Brier
248,Darcie
249,Akim
250,Trixi
251,Vikky
252,Wallas
253,Bank
254,Hakim
255,Diahann
256,Levi
257,Uri
258,Ginnie
259,Mozelle
260,Kalil
261,Holly
262,Kaitlin
263,Iorgo
264,Guenna
265,Tandi
266,Barnabas
267,Magdalena
268,Bar
269,Elmore
270,Ody
271,Chery
272,Yolanda
273,Myer
274,Greta
275,Holly
276,Brandais
277,Jillian
278,Eddie
279,Myron
280,Marcel
281,Cammy
282,Vladimir
283,Karylin
284,Engelbert
285,Mattie
286,Roseanna
287,Goldy
288,Asa
289,Rriocard
290,Margareta
291,Emelyne
292,Tess
293,Silvanus
294,Lissa
295,Adriano
296,Kaylil
297,Matty
298,Yettie
299,Ced
300,Rivkah
301,Lynea
302,Prissie
303,Gordon
304,Kenon
305,Theodora
306,Ade
307,Jaymee
308,Cheryl
309,Tyrone
310,Aurore
311,Bailie
312,Reade
313,Gordie
314,Sheridan
315,Luci
316,Oralle
317,Sherilyn
318,Mandie
319,Karlis
320,Toddy
321,Eolande
322,Ab
323,Giacobo
324,Ludovika
325,Winona
326,Spense
327,Veriee
328,Melisande
329,Tedd
330,Steve
331,Kayne
332,Lurline
333,Janeen
334,Shannon
335,Olia
336,Tad
337,Zane
338,Gwendolen
339,Graham
340,Wallis
341,Lezlie
342,Duncan
343,Lark
344,Rossy
345,Jan
346,Isahella
347,Mariele
348,Sheff
349,Bettina
350,Mattias
351,Evelyn
352,Jasmin
353,Thia
354,Etta
355,Dawn
356,Corilla
357,Derby
358,Marylin
359,Annabel
360,Wolfgang
361,Catharine
362,Arnaldo
363,Bil
364,Uta
365,Dar
366,Griselda
367,Glennis
368,Brandais
369,Seline
370,Colly
371,Heriberto
372,Janessa
373,Suellen
374,Myrwyn
375,Rosalia
376,Evelina
377,Laural
378,Miltie
379,Marlee
380,Kahlil
381,Jeromy
382,Vikky
383,Tiffy
384,Mikaela
385,Jeralee
386,Melony
387,Hulda
388,Jeana
389,Ambur
390,Horatio
391,Wenda
392,Carly
393,Avrom
394,Janina
395,Loralyn
396,Lauren
397,Matilda
398,Eden
399,William
400,Odey
401,Evvie
402,Brucie
403,Zuzana
404,Chuck
405,Cherye
406,Miller
407,Christoph
408,Robinett
409,Linc
410,Beverlee
411,Jarret
412,Mack
413,Felecia
414,Devlen
415,Guillaume
416,Olympia
417,Jackson
418,Reider
419,Papagena
420,Amalie
421,Fonsie
422,Vernen
423,Shirline
424,Valencia
425,Garv
426,Leticia
427,Jorry
428,Clair
429,Mariana
430,Verile
431,Si
432,Mureil
433,Frazer
434,Jethro
435,Vickie
436,Shandra
437,Lydia
438,Pate
439,Fidelity
440,Denyse
441,Rita
442,Sallie
443,Carlie
444,Frederigo
445,Christy
446,Sophey
447,Beverly
448,Elyssa
449,Val
450,Twyla
451,Lacie
452,Courtney
453,Rochell
454,Christoph
455,Fayth
456,Cory
457,Virgina
458,Cassey
459,Colene
460,Clio
461,Lucilia
462,Hyacinthia
463,Tiffany
464,Rudolfo
465,Charmain
466,Vere
467,Lou
468,Pierre
469,Gaven
470,Amberly
471,Constantine
472,Teddie
473,Jeanelle
474,Beatrisa
475,Hilliard
476,Harmon
477,Claudianus
478,Lisle
479,Abrahan
480,Myrtle
481,Cyrus
482,Sherie
483,Miof mela
484,Sondra
485,Ingrim
486,Karlie
487,Emlyn
488,Delphinia
489,Emalee
490,Aldon
491,Orion
492,Irvine
493,Clement
494,Carolyne
495,Ofella
496,Lindsay
497,Skipper
498,Bettina
499,Suzette
500,Everett
501,Isadora
502,Susette
503,Melosa
504,Adela
505,Gloriane
506,Tawnya
507,Sal
508,Hadlee
509,Pammy
510,Berton
511,Pryce
512,Cami
513,Masha
514,Casi
515,Cherri
516,Rafaellle
517,Marleah
518,Rhonda
519,Rasla
520,Marisa
521,Ofella
522,Roxane
523,Rafi
524,Raeann
525,Clarence
526,Deena
527,Sibylle
528,Mirabelle
529,Mikkel
530,Glennis
531,Demetra
532,Herbert
533,Lind
534,Eliza
535,Miranda
536,Yolanthe
537,Fanni
538,Aube
539,Margery
540,Benson
541,Rory
542,Eugenius
543,Catie
544,Jobye
545,Rory
546,Sherwynd
547,Irena
548,Merrielle
549,Leighton
550,Lawry
551,Jacky
552,Petunia
553,Evangeline
554,Bianka
555,Bale
556,Kara-lynn
557,Clair
558,Ermanno
559,Thorny
560,Evan
561,Lemuel
562,Shaylyn
563,Meg
564,Herminia
565,Wanda
566,Heddi
567,Cati
568,Doyle
569,Ado
570,Tabitha
571,Binnie
572,Chantal
573,Denni
574,Dorry
575,Ardisj
576,Nomi
577,Juli
578,Kinnie
579,Delmor
580,Waylen
581,Yoshi
582,Tobi
583,Taffy
584,Tyrus
585,Cherise
586,Flossie
587,Gris
588,Rebecka
589,Sarah
590,Maudie
591,Leonard
592,Emelen
593,Deeyn
594,Ellette
595,Trenna
596,Cassaundra
597,Adore
598,Katlin
599,Carola
600,Drucy
601,Jacenta
602,Louise
603,Burton
604,Brietta
605,Rubi
606,Andrey
607,Delmore
608,Raynard
609,Celestine
610,Wakefield
611,Kalle
612,Catha
613,Murry
614,Alejandra
615,Maribelle
616,Michaella
617,Biddie
618,Caitlin
619,Clarence
620,Del
621,Chariot
622,Brendan
623,Baxy
624,Marty
625,Lissy
626,Schuyler
627,Shelba
628,Ronny
629,Scotty
630,Zia
631,Donni
632,Cheslie
633,Jerald
634,Kelly
635,Eleen
636,Pernell
637,Emalia
638,Corena
639,Florida
640,Bartholemy
641,Kakalina
642,Vilma
643,Laura
644,Cyndie
645,Marianne
646,Miran
647,Robbie
648,Madelin
649,Page
650,Bernard
651,Carlin
652,Beryle
653,Marion
654,Gayle
655,Dunc
656,Isa
657,Sharai
658,Yetta
659,Nye
660,Correy
661,Oates
662,Adrienne
663,Cyb
664,Charlena
665,Gram
666,Lance
667,Bendite
668,Clywd
669,Antons
670,Fredrick
671,Jobey
672,Judi
673,Letitia
674,Bobby
675,Baillie
676,Mayne
677,Upton
678,Geordie
679,Cornelius
680,Adi
681,Vilhelmina
682,Sanders
683,Jo-anne
684,Robenia
685,Karola
686,Danyelle
687,Donni
688,Quill
689,Rhoda
690,Paulie
691,Jane
692,Hunfredo
693,Correy
694,Jacynth
695,Ardelis
696,Jordan
697,Caldwell
698,Jud
699,Mathilde
700,Beatrisa
701,Lurlene
702,Desiree
703,Odelle
704,Layney
705,Trueman
706,Wilhelm
707,Derrik
708,Carol-jean
709,Eva
710,Teddie
711,Reena
712,Daria
713,Petronia
714,Tremain
715,Marissa
716,Giavani
717,Didi
718,Donny
719,Conney
720,Camile
721,Erroll
722,Paton
723,Rickie
724,Lothario
725,Zaccaria
726,Randa
727,Noah
728,Perceval
729,Yves
730,Kiel
731,Patsy
732,Schuyler
733,Devan
734,Gianni
735,Brock
736,Viola
737,Oberon
738,Darin
739,Woodman
740,Tyrone
741,Vassily
742,Erena
743,Ellene
744,Deb
745,Celina
746,Candida
747,Les
748,Fredrika
749,Giuseppe
750,Lindsey
751,Tootsie
752,Pet
753,Baryram
754,Clarie
755,Andi
756,Jessalyn
757,Kylie
758,Nedda
759,Barri
760,Blayne
761,Erastus
762,Jeniece
763,Aurelie
764,Linea
765,Byrle
766,Arda
767,Alexandre
768,Morgen
769,Guglielma
770,Deb
771,Algernon
772,Tammie
773,Mayne
774,Giordano
775,Catina
776,Jamie
777,Adam
778,Tiertza
779,Babb
780,Matty
781,Gypsy
782,Fons
783,Ichabod
784,Cilka
785,Aleen
786,Mariejeanne
787,Marcos
788,Cornela
789,Modesty
790,Elbertine
791,Robinette
792,Codie
793,Yorke
794,Delores
795,Janet
796,Marven
797,Morgan
798,Gretta
799,Galina
800,Haslett
801,Killian
802,Evyn
803,Cathy
804,Elmo
805,Yettie
806,Lonna
807,Xena
808,Linzy
809,Hillard
810,Timofei
811,Tybie
812,Sherie
813,Pinchas
814,Bertie
815,Jany
816,Waldon
817,Jillie
818,Sonni
819,Chrisy
820,Chickie
821,Ellyn
822,Matias
823,Conan
824,Bill
825,Roland
826,Farra
827,Jerri
828,Jenna
829,Josepha
830,Huntington
831,Ezri
832,Darrel
833,Colly
834,Darci
835,Karlie
836,Kathryne
837,Elsbeth
838,Maurita
839,Carin
840,Coleen
841,Kathie
842,Jacquenette
843,Sigismund
844,Cleavland
845,Sharline
846,Gwendolyn
847,Sebastien
848,Denni
849,Madel
850,Justis
851,Korella
852,Shelbi
853,Nedi
854,Ulrich
855,Leticia
856,Gloriana
857,Tate
858,Alica
859,Nita
860,Annmarie
861,Sky
862,Torey
863,Esme
864,Rocky
865,Ambrosio
866,Daveen
867,Maurizia
868,Dacey
869,Brigg
870,Vanny
871,Elisabeth
872,Dulcy
873,Chucho
874,North
875,Bernete
876,Koren
877,Flin
878,Dido
879,Lou
880,Leigha
881,Jodee
882,Cori
883,Isidoro
884,Mellisent
885,Jordain
886,Hamlen
887,Robyn
888,Leicester
889,Dacey
890,Keeley
891,Cele
892,Claudine
893,Ileana
894,Vanni
895,Loraine
896,Adele
897,Stearne
898,Andreana
899,Hymie
900,Edna
901,Preston
902,Bobina
903,Ursola
904,Claudetta
905,Edeline
906,Curt
907,Trenna
908,Rodolphe
909,Judah
910,Demetris
911,Ileane
912,Jim
913,Ashlin
914,Richy
915,Reider
916,Emelia
917,Merrili
918,Loella
919,Binni
920,Russell
921,Korrie
922,Kenon
923,Beaufort
924,Marcel
925,Aluino
926,Caril
927,Germaine
928,Loise
929,Jo-anne
930,Ogdan
931,Corny
932,Sada
933,Mal
934,Evelina
935,Alexandro
936,Maddy
937,Sly
938,Alphard
939,Wilton
940,Guglielmo
941,Gertrud
942,Kendell
943,Ysabel
944,Byrle
945,Kelvin
946,Libbey
947,Kendall
948,Orella
949,Madelina
950,Jeannie
951,Haven
952,Owen
953,Bessy
954,Giralda
955,Inigo
956,Saba
957,Vitia
958,Viki
959,Gianina
960,Asher
961,Efren
962,Nariko
963,Ker
964,Roldan
965,Halli
966,Heywood
967,Grier
968,Trude
969,Gerhardine
970,Sascha
971,Zolly
972,June
973,Titus
974,Dusty
975,Noel
976,Brenda
977,Petronia
978,Oates
979,Raven
980,Maritsa
981,Demetre
982,Rita
983,Carly
984,Briggs
985,Enrico
986,Shalne
987,Ortensia
988,Luce
989,Rahal
990,Joseph
991,Ameline
992,Kenneth
993,Raymond
994,Pooh
995,Rhodie
996,Cad
997,Cheslie
998,Colette
999,Darrel
1000,Charmian
